{
  "micro_accuracy": 0.8889645574239319,
  "micro_precision": 0.6703032090028994,
  "micro_recall": 0.41209081708182904,
  "micro_f1": 0.510397859621879,
  "macro_accuracy": 0.8889645574239319,
  "macro_precision": 0.4813392257746924,
  "macro_recall": 0.24029084264666165,
  "macro_f1": 0.27845505196844267,
  "macro_auroc": 0.8064150958541535,
  "micro_auroc": 0.8726766835392907,
  "macro_auprc": 0.3793480431660482,
  "micro_auprc": 0.5896740307880605,
  "micro_brier_score": 0.082673579454422,
  "micro_ece": 0.010964077339576881,
  "micro_mce": 0.055442750453948975,
  "micro_log_loss": 0.2769807847451815
}