{
  "micro_accuracy": 0.8696388330592606,
  "micro_precision": 0.6639135959339263,
  "micro_recall": 0.2559183673469388,
  "micro_f1": 0.3694320056563752,
  "macro_accuracy": 0.8696388330592607,
  "macro_precision": 0.4661565381187633,
  "macro_recall": 0.16719067937091076,
  "macro_f1": 0.21257175455541522,
  "macro_auroc": 0.7507065140048812,
  "micro_auroc": 0.786097936392683,
  "macro_auprc": 0.3693722415774058,
  "micro_auprc": 0.4903333831235219,
  "micro_brier_score": 0.10129447281360626,
  "micro_ece": 0.01956331665493283,
  "micro_mce": 0.02561822533607483,
  "micro_log_loss": 0.3441534760105015
}