{
  "micro_accuracy": 0.903307144162251,
  "micro_precision": 0.6569606211869107,
  "micro_recall": 0.2611907386990077,
  "micro_f1": 0.37377721678763015,
  "macro_accuracy": 0.903307144162251,
  "macro_precision": 0.4108887203447776,
  "macro_recall": 0.17566047862420398,
  "macro_f1": 0.2272331316690836,
  "macro_auroc": 0.7914529248751175,
  "micro_auroc": 0.8397776818212186,
  "macro_auprc": 0.3486110153393283,
  "micro_auprc": 0.49223367633589254,
  "micro_brier_score": 0.07594787329435349,
  "micro_ece": 0.02964486524556178,
  "micro_mce": 0.10237759351730347,
  "micro_log_loss": 0.2717131978909659
}