{
  "micro_accuracy": 0.8509421793386711,
  "micro_precision": 0.6256727424102763,
  "micro_recall": 0.4828084667010841,
  "micro_f1": 0.5450342232899688,
  "macro_accuracy": 0.8509421793386713,
  "macro_precision": 0.5103693242768952,
  "macro_recall": 0.2804348557906265,
  "macro_f1": 0.30986363000103645,
  "macro_auroc": 0.7647270083468061,
  "micro_auroc": 0.8467829074685799,
  "macro_auprc": 0.40254559734164086,
  "micro_auprc": 0.6012891205401851,
  "micro_brier_score": 0.10731478780508041,
  "micro_ece": 0.023750546970242172,
  "micro_mce": 0.06766021251678467,
  "micro_log_loss": 0.35039481140199036
}