{
  "micro_accuracy": 0.8677873195687923,
  "micro_precision": 0.6598717361429226,
  "micro_recall": 0.23518367346938776,
  "micro_f1": 0.3467741935483871,
  "macro_accuracy": 0.8677873195687921,
  "macro_precision": 0.38062511683160655,
  "macro_recall": 0.13378992525989788,
  "macro_f1": 0.1745206515283959,
  "macro_auroc": 0.7396407589517783,
  "micro_auroc": 0.7871355798042603,
  "macro_auprc": 0.3545604392257791,
  "micro_auprc": 0.47577921881669205,
  "micro_brier_score": 0.10331425815820694,
  "micro_ece": 0.030877886846234104,
  "micro_mce": 0.056504786014556885,
  "micro_log_loss": 0.35423173495410265
}