{
  "micro_accuracy": 0.9062427675254279,
  "micro_precision": 0.6770698994067578,
  "micro_recall": 0.2894156560088203,
  "micro_f1": 0.4054993434772534,
  "macro_accuracy": 0.906242767525428,
  "macro_precision": 0.4505667450173077,
  "macro_recall": 0.19050872639257058,
  "macro_f1": 0.23755793516432844,
  "macro_auroc": 0.7943886141010545,
  "micro_auroc": 0.8473884576086108,
  "macro_auprc": 0.36446328161921926,
  "micro_auprc": 0.5144378076130594,
  "micro_brier_score": 0.07324564456939697,
  "micro_ece": 0.01741016205012021,
  "micro_mce": 0.06344467401504517,
  "micro_log_loss": 0.2561543309126735
}