{
  "micro_accuracy": 0.8871527556783224,
  "micro_precision": 0.7014994733254849,
  "micro_recall": 0.34204444175893894,
  "micro_f1": 0.45986372452450824,
  "macro_accuracy": 0.8871527556783226,
  "macro_precision": 0.5140524120197617,
  "macro_recall": 0.16934544206108854,
  "macro_f1": 0.21705273213670942,
  "macro_auroc": 0.7760529228118828,
  "micro_auroc": 0.8616664328893267,
  "macro_auprc": 0.34639490859745514,
  "micro_auprc": 0.5776122713726773,
  "micro_brier_score": 0.08437741547822952,
  "micro_ece": 0.01709595305841925,
  "micro_mce": 0.0713096559047699,
  "micro_log_loss": 0.28530532794058805
}