{
  "micro_accuracy": 0.852611837387611,
  "micro_precision": 0.6342270168570865,
  "micro_recall": 0.47955027820799634,
  "micro_f1": 0.5461482178321313,
  "macro_accuracy": 0.8526118373876108,
  "macro_precision": 0.5789338758866406,
  "macro_recall": 0.28192749068042605,
  "macro_f1": 0.30992531705346144,
  "macro_auroc": 0.7719901773046943,
  "micro_auroc": 0.8498047635982106,
  "macro_auprc": 0.41147686453973215,
  "micro_auprc": 0.6065452654409887,
  "micro_brier_score": 0.10610917210578918,
  "micro_ece": 0.01894970997900731,
  "micro_mce": 0.06281116604804993,
  "micro_log_loss": 0.3458812438234285
}